CREATE TABLE IF NOT EXISTS movies (
    id INT PRIMARY KEY,
    title VARCHAR(255),
    description TEXT,
    image VARCHAR(255),
    type VARCHAR(50),
    age_rating VARCHAR(10),
    duration VARCHAR(20),
    episodes INT
);

CREATE TABLE IF NOT EXISTS ratings (
    id INT AUTO_INCREMENT PRIMARY KEY,
    movie_id INT,
    imdb VARCHAR(10),
    rotten_tomatoes VARCHAR(10),
    my_anime_list VARCHAR(10),
    FOREIGN KEY (movie_id) REFERENCES movies(id) ON DELETE CASCADE
);

CREATE TABLE IF NOT EXISTS genres (
    id INT AUTO_INCREMENT PRIMARY KEY,
    name VARCHAR(50) UNIQUE
);

CREATE TABLE IF NOT EXISTS movie_genres (
    movie_id INT,
    genre_id INT,
    PRIMARY KEY (movie_id, genre_id),
    FOREIGN KEY (movie_id) REFERENCES movies(id) ON DELETE CASCADE,
    FOREIGN KEY (genre_id) REFERENCES genres(id) ON DELETE CASCADE
);

INSERT INTO movies (id, title, description, image, type, age_rating, duration, episodes) VALUES
(1, 'card Alice in Borderland', 'Arisu Ryohei - seorang pria muda yang tidak memiliki pekerjaan dan terobsesi dengan video game—tiba-tiba menemukan dirinya berada dalam versi Tokyo yang aneh dan kosong di mana dia dan teman-temannya harus bersaing dalam permainan berbahaya untuk bertahan hidup. Di dunia yang aneh ini, Arisu bertemu dengan Usagi, seorang wanita muda yang menjelajahi game sendirian. Setelah permainan berbahaya yang menguji batas Arisu, keduanya berangkat bersama untuk mengungkap satu demi satu misteri saat mereka mempertaruhkan nyawa dan menghadapi apa artinya hidup.', '/list-film/alice.png', 'Serial TV', '18+', NULL, 16),
(2, 'card All of Us Are Dead', 'Sekelompok siswa terjebak di sekolah menengah saat wabah zombie menyebar. Mereka harus berjuang untuk bertahan hidup dan menemukan cara untuk melarikan diri dari sekolah yang terisolasi.', '/list-film/allofus.png', 'Serial TV', '18+', NULL, 12),
(3, 'card Avatar: The Way of Water', 'Jake Sully dan Neytiri membentuk keluarga dan berusaha untuk menjaga mereka tetap aman. Namun, mereka harus meninggalkan rumah dan menjelajahi bagian lain dari Pandora ketika ancaman baru muncul.', '/list-film/avatar.png', 'Film', '13+', '3j 12m', NULL),
(4, 'card The Batman', 'Ketika seorang pembunuh berantai mulai menargetkan Gotham, Batman harus menyelidiki dan mengungkap kebenaran di balik kejahatan yang mengancam kota. Dalam prosesnya, ia menemukan korupsi yang mengakar di Gotham dan hubungan antara keluarganya dan para penjahat.', '/list-film/batman.png', 'Film', '17+', '2j 56m', NULL),
(5, 'card Baymax', 'Baymax adalah robot perawat yang diciptakan untuk membantu orang-orang yang membutuhkan perawatan medis. Dalam serial ini, Baymax berkeliling kota San Fransokyo untuk membantu orang-orang dengan berbagai masalah kesehatan dan emosional.', '/list-film/baymax.png', 'Serial TV', 'SU', NULL, 6),
(6, 'card Big Hero 6', 'Setelah kehilangan kakaknya, Hiro Hamada, seorang jenius robotika, bergabung dengan sekelompok teman untuk membentuk tim superhero yang berjuang melawan penjahat yang mengancam kota mereka.', '/list-film/bighero.png', 'Film', 'SU', '1j 42m', NULL),
(7, 'card Black Adam', 'Film superhero aksi dari DC Universe.', '/list-film/blackadam.png', 'Film', '13+', '2j 5m', NULL),
(8, 'card Blue Lock', 'Anime sepak bola intens menjelang piala dunia.', '/list-film/bluelock.png', 'Serial TV', '13+', NULL, 24),
(9, 'card My Hero Academy', 'Kisah para pahlawan muda dengan kekuatan luar biasa.', '/list-film/bokunohero.png', 'Serial TV', '13+', NULL, 138),
(10, 'card The Devil All The Time', 'Film thriller psikologi menegangkan.', '/list-film/devilalltime.png', 'Film', '17+', '2j 18m', NULL),
(11, 'card Dilan 1991', 'Drama romansa anak remaja Indonesia.', '/list-film/dilan.png', 'Film', '13+', '2j 1m', NULL),
(12, 'card Doctor Strange In The Multiverse of Madness', 'Aksi Doctor Strange melintasi multiverse.', '/list-film/doctorstrange.png', 'Film', '13+', '2j 6m', NULL),
(13, 'card Don''t Look Up', 'Drama komedi tentang peringatan bencana yang diabaikan.', '/list-film/dontlookup.png', 'Film', '17+', '2j 18m', NULL),
(14, 'card Fast and Furious X', 'Aksi balap mobil gila-gilaan seri ke-10.', '/list-film/fastx.png', 'Film', '13+', '2j 21m', NULL),
(15, 'card Guardian of Galaxy Vol 3', 'Aksi seru para penjaga galaksi di luar angkasa.', '/list-film/guardian.png', 'Film', '13+', '2j 30m', NULL),
(16, 'card Happiness (Drakor)', 'Drama Korea bertahan hidup di tengah krisis.', '/list-film/happiness.png', 'Serial TV', '17+', NULL, 12),
(17, 'card Jurassic World Dominion', 'Kembalinya dino di dunia modern.', '/list-film/jurassic.png', 'Film', '13+', '2j 27m', NULL),
(18, 'card Drakor (belum tau judulnya)', 'Drama Korea misterius.', '/list-film/korea.png', 'Serial TV', NULL, NULL, NULL),
(19, 'card Megan', 'Boneka AI yang menimbulkan teror.', '/list-film/megan.png', 'Film', '17+', '1j 42m', NULL),
(20, 'card The Little Mermaid', 'Petualangan putri duyung mencari dunia baru.', '/list-film/mermaid.png', 'Film', 'SU', '2j 15m', NULL),
(21, 'card Missing', 'Kisah pencarian orang hilang misterius.', '/list-film/missing.png', 'Film', '13+', '1j 51m', NULL),
(22, 'card A Man Called Otto', 'Drama lucu sekaligus menyentuh tentang tetangga pemarah.', '/list-film/otto.png', 'Film', '13+', '2j 6m', NULL),
(23, 'card Ant Man & Wasp: Quantumania', 'Aksi pahlawan mini menjelajah quantum realm.', '/list-film/quantum.png', 'Film', '13+', '2j 4m', NULL),
(24, 'card Rio', 'Film animasi tentang burung biru di Brasil.', '/list-film/rio.png', 'Film', 'SU', '1j 36m', NULL),
(25, 'card Shazam', 'Remaja dengan kekuatan dewa-dewa petir.', '/list-film/shazam.png', 'Film', '13+', '2j 12m', NULL),
(26, 'card Sonic 2', 'Kelanjutan petualangan si landak biru super cepat.', '/list-film/sonic.png', 'Film', 'SU', '2j 2m', NULL),
(27, 'card Spiderman: Multiverse?', 'Aksi Spiderman Miles Morales di multiverse.', '/list-film/spiderman.png', 'Film', 'SU', '2j 20m', NULL),
(28, 'card Stuart Little', 'Petualangan seru tikus kecil bernama Stuart.', '/list-film/stuart.png', 'Film', 'SU', '1j 24m', NULL),
(29, 'card Suzume', 'Anime Jepang petualangan dan fantasi.', '/list-film/suzume.png', 'Film', '13+', '2j 2m', NULL),
(30, 'card Ted Lasso', 'Pelatih bola unik dengan motivasi konyol.', '/list-film/tedlasso.png', 'Serial TV', '17+', NULL, 34),
(31, 'card The Tomorrow War', 'Perang melawan alien masa depan.', '/list-film/tomorrow.png', 'Film', '13+', '2j 18m', NULL);

INSERT INTO ratings (movie_id, imdb, rotten_tomatoes, my_anime_list) VALUES
(1, '7.7/10', '86%', NULL),
(2, '7.6/10', '89%', NULL),
(3, '7.8/10', '76%', NULL),
(4, '7.8/10', '85%', NULL),
(5, '7.2/10', '93%', NULL),
(6, '7.8/10', '90%', NULL),
(7, '6.2/10', '38%', NULL),
(8, '8.1/10', NULL, '8.35/10'),
(9, '8.2/10', NULL, '8.4/10'),
(10, '7.1/10', '65%', NULL),
(11, '6.5/10', NULL, NULL),
(12, '6.9/10', '73%', NULL),
(13, '7.2/10', '56%', NULL),
(14, '5.8/10', '56%', NULL),
(15, '7.9/10', '82%', NULL),
(16, '7.7/10', NULL, NULL),
(17, '5.6/10', '29%', NULL),
(18, NULL, NULL, NULL),
(19, '6.3/10', '93%', NULL),
(20, '7.2/10', '67%', NULL),
(21, '7.1/10', '88%', NULL),
(22, '7.5/10', '70%', NULL),
(23, '6.0/10', '46%', NULL),
(24, '6.9/10', '72%', NULL),
(25, '7.0/10', '90%', NULL),
(26, '6.5/10', '69%', NULL),
(27, '8.5/10', '95%', NULL),
(28, '6.0/10', '67%', NULL),
(29, '7.6/10', '96%', '8.32/10'),
(30, '8.8/10', '92%', NULL),
(31, '6.5/10', '52%', NULL);

INSERT INTO genres (name) VALUES
('Aksi'),
('Animasi'),
('Anime'),
('Drama'),
('Fantasi'),
('Fiksi Ilmiah'),
('Horor'),
('Keluarga'),
('Komedi'),
('Kriminal'),
('Misteri'),
('Musikal'),
('Olahraga'),
('Petualangan'),
('Remaja'),
('Romantis'),
('Superhero'),
('Survival'),
('Thriller'),
('Zombie');

INSERT INTO movie_genres (movie_id, genre_id) VALUES
(1, 6),
(1, 19),
(1, 4),
(1, 18),
(2, 7),
(2, 20),
(2, 4),
(2, 15),
(3, 6),
(3, 1),
(3, 14),
(3, 5),
(4, 1),
(4, 10),
(4, 4),
(4, 11),
(5, 2),
(5, 9),
(5, 8),
(5, 6),
(6, 2),
(6, 1),
(6, 9),
(6, 8),
(6, 6),
(7, 1),
(7, 5),
(7, 6),
(7, 17),
(8, 3),
(8, 13),
(8, 4),
(9, 3),
(9, 1),
(9, 14),
(9, 17),
(10, 10),
(10, 4),
(10, 19),
(11, 4),
(11, 16),
(12, 1),
(12, 14),
(12, 5),
(12, 7),
(13, 9),
(13, 4),
(13, 6),
(14, 1),
(14, 14),
(14, 10),
(15, 1),
(15, 14),
(15, 9),
(15, 6),
(16, 4),
(16, 19),
(16, 5),
(17, 1),
(17, 14),
(17, 6),
(18, 11),
(18, 4),
(19, 7),
(19, 6),
(19, 19),
(20, 14),
(20, 8),
(20, 5),
(20, 12),
(21, 19),
(21, 4),
(21, 11),
(22, 9),
(22, 4),
(23, 1),
(23, 14),
(23, 9),
(23, 6),
(24, 2),
(24, 14),
(24, 9),
(24, 8),
(25, 1),
(25, 14),
(25, 9),
(25, 5),
(26, 1),
(26, 14),
(26, 9),
(26, 8),
(27, 2),
(27, 1),
(27, 14),
(27, 6),
(28, 14),
(28, 9),
(28, 8),
(28, 5),
(29, 3),
(29, 14),
(29, 5),
(29, 4),
(30, 9),
(30, 4),
(30, 13),
(31, 1),
(31, 14),
(31, 6),
(31, 19);

